{"Berlin": [52.52437, 13.41053], "Paris": [48.85341, 2.3488], "London": [51.50853, -0.12574], "Madrid": [40.4165, -3.70256], "Vienna": [48.20849, 16.37208], "Brussels": [50.85045, 4.34878], "Moscow": [55.75222, 37.61556], "Sofia": [42.69751, 23.32415], "Copenhagen": [55.67594, 12.56553], "Athens": [37.98376, 23.72784], "Budapest": [47.49835, 19.04045], "Reykjavik": [64.13548, -21.89541], "Dublin": [53.33306, -6.24889], "Rome": [41.89193, 12.51133], "Amsterdam": [52.37403, 4.88969], "Oslo": [59.91273, 10.74609], "Warsaw": [52.22977, 21.01178], "Lisabon": null, "Bern": [49.19522, 16.60796], "Kiev": [53.27456, 12.59377], "Stockholm": [59.32938, 18.06871], "Washington": [38.89511, -77.03637], "New York": [40.71427, -74.00597], "Sacramento": [38.58157, -121.4944], "Los Angeles": [34.05223, -118.24368], "Chicago": [41.85003, -87.65005], "Houston": [29.76328, -95.36327], "Phoenix": [33.44838, -112.07404], "Philadelphia": [39.95233, -75.16379], "Vancouver": [49.24966, -123.11934], "Ottawa": [45.41117, -75.69812], "Buenos Aires": [-34.61315, -58.37723], "Brasilia": [-15.77972, -47.92972], "Santiago": [-33.45694, -70.64827], "Bogota": [4.60971, -74.08175], "Ciudad de Mexico": null, "Asuncion": [-25.28646, -57.647], "Lima": [-12.04318, -77.02824], "Montevideo": [-34.90328, -56.18816], "Kabul": [34.52813, 69.17233], "Dhaka": [23.7104, 90.40744], "Peking": [39.9075, 116.39723], "Tiflis": [41.69411, 44.83368], "New Delhi": [28.63576, 77.22445], "Jakarta": [-6.21462, 106.84513], "Teheran": [35.69439, 51.42151], "Baghdad": [33.34058, 44.40088], "Jerusalem": [31.76904, 35.21633], "Tokyo": [35.6895, 139.69171], "Kuala Lumpur": [3.1412, 101.68653], "Ulan Bator": [47.90771, 106.88324], "Kathmandu": [27.70169, 85.3206], "Singapore": [1.28967, 103.85007], "Seoul": [37.566, 126.9784], "Ankara": [39.91987, 32.85427], "Abu Dhabi": [24.45118, 54.39696], "Algiers": [36.73225, 3.08746], "Luanda": [-8.83682, 13.23432], "Cairo": [30.06263, 31.24967], "Nairobi": [-1.28333, 36.81667], "Tripoli": [32.88743, 13.18733], "Windhoek": [-22.55941, 17.08323], "Pretoria": [-25.74486, 28.18783], "Canberra": [-35.28346, 149.12807], "Wellington": [-41.28664, 174.77557]}